State,Day,Night
AL,871,86
AR,23,6
AZ,1396,233
CA,10207,2446
CO,904,100
CT,514,52
DC,77,8
DE,129,11
FL,4151,740
GA,1727,196
IA,172,24
ID,30,1
IL,1534,226
IN,992,113
KS,129,6
KY,569,73
LA,1472,107
MA,840,44
MD,715,83
ME,51,4
MI,1650,235
MN,1275,130
MO,523,70
MS,157,8
MT,4,0
NC,3865,355
NE,314,22
NH,224,16
NJ,1153,170
NM,151,9
NV,224,12
NY,3015,440
OH,1133,184
OK,1292,173
OR,643,69
PA,1679,145
RI,247,10
SC,3537,424
TN,1559,235
TX,5551,852
UT,595,56
VA,1626,177
VT,16,1
WA,1790,253
WI,372,31
WV,22,15
WY,11,3
